﻿Name,Created,Tags
Lesson 01 | Android Programming Recap,"August 22, 2022 5:25 PM",android
Lesson 02 | Lists,"August 23, 2022 9:03 AM",
Lesson 03 | Networking and Multithreading,"August 23, 2022 10:17 AM",
Lesson 04 | Material Design - Components and Material Theme,"August 24, 2022 9:30 AM",
"Lesson 05 | Material Design - User Toasts, Snackbar & Notifications","August 24, 2022 2:09 PM",
Lesson 06 | Coroutines,"August 25, 2022 8:51 AM",
Lesson 07 | Data Storage,"August 26, 2022 2:04 PM",